{"cameraMode":{"drawMode":0,"name":"Shaded","section":"Shading Mode"},"sceneLighting":true,"audioPlay":false,"sceneViewState":{"showFog":true,"showMaterialUpdate":false,"showSkybox":false,"showFlares":true,"showImageEffects":true,"showParticleSystems":true},"in2DMode":false,"pivot":{"x":-3.48417329788208,"y":0.8308228254318237,"z":-0.7917495965957642},"rotation":{"x":0.052245333790779117,"y":-0.7348800897598267,"z":0.05701012909412384,"w":0.6738802194595337},"size":9.117409706115723,"orthographic":false}