{"cameraMode":{"drawMode":0,"name":"Shaded","section":"Shading Mode"},"sceneLighting":false,"audioPlay":false,"sceneViewState":{"showFog":true,"showMaterialUpdate":false,"showSkybox":false,"showFlares":true,"showImageEffects":true,"showParticleSystems":true},"in2DMode":false,"pivot":{"x":-22.0067138671875,"y":5.290481090545654,"z":1.0609307289123536},"rotation":{"x":0.27857568860054018,"y":-0.00432395888492465,"z":0.0012504877522587777,"w":0.9604178667068481},"size":11.203548431396485,"orthographic":false}