{"cameraMode":{"drawMode":0,"name":"Shaded","section":"Shading Mode"},"sceneLighting":true,"audioPlay":false,"sceneViewState":{"showFog":true,"showMaterialUpdate":false,"showSkybox":true,"showFlares":true,"showImageEffects":true,"showParticleSystems":true},"in2DMode":false,"pivot":{"x":65.7522201538086,"y":4.451503753662109,"z":103.31356048583985},"rotation":{"x":-0.20169907808303834,"y":0.7927027940750122,"z":-0.3506304621696472,"w":-0.456246018409729},"size":18.34960174560547,"orthographic":false}