{"cameraMode":{"drawMode":0,"name":"Shaded","section":"Shading Mode"},"sceneLighting":false,"audioPlay":false,"sceneViewState":{"showFog":true,"showMaterialUpdate":false,"showSkybox":false,"showFlares":true,"showImageEffects":true,"showParticleSystems":true},"in2DMode":false,"pivot":{"x":-0.5068115592002869,"y":4.078433036804199,"z":0.5372104048728943},"rotation":{"x":0.7028852701187134,"y":-0.0025797586422413589,"z":0.0026050356682389976,"w":0.7113680839538574},"size":2.493551254272461,"orthographic":false}