{"cameraMode":{"drawMode":0,"name":"Shaded","section":"Shading Mode"},"sceneLighting":false,"audioPlay":false,"sceneViewState":{"showFog":true,"showMaterialUpdate":false,"showSkybox":false,"showFlares":true,"showImageEffects":true,"showParticleSystems":true},"in2DMode":false,"pivot":{"x":-0.04601895809173584,"y":-1.1991405487060547,"z":-0.1865137815475464},"rotation":{"x":0.3731537461280823,"y":-0.29169324040412905,"z":0.12484914064407349,"w":0.8718811869621277},"size":5.434762001037598,"orthographic":false}