{"cameraMode":{"drawMode":0,"name":"Shaded","section":"Shading Mode"},"sceneLighting":true,"audioPlay":false,"sceneViewState":{"showFog":true,"showMaterialUpdate":false,"showSkybox":true,"showFlares":true,"showImageEffects":true,"showParticleSystems":true},"in2DMode":false,"pivot":{"x":36.598934173583987,"y":7.497004508972168,"z":153.82106018066407},"rotation":{"x":-0.2723724842071533,"y":0.1876436322927475,"z":-0.05427023395895958,"w":-0.9422471523284912},"size":11.280766487121582,"orthographic":false}