{"cameraMode":{"drawMode":0,"name":"Shaded","section":"Shading Mode"},"sceneLighting":false,"audioPlay":false,"sceneViewState":{"showFog":true,"showMaterialUpdate":false,"showSkybox":false,"showFlares":true,"showImageEffects":true,"showParticleSystems":true},"in2DMode":false,"pivot":{"x":-1.2794079780578614,"y":0.007639884948730469,"z":1.8605458736419678},"rotation":{"x":0.22995993494987489,"y":0.7660890221595764,"z":-0.3765367567539215,"w":0.4675769805908203},"size":10.630078315734864,"orthographic":false}