{"cameraMode":{"drawMode":0,"name":"Shaded","section":"Shading Mode"},"sceneLighting":false,"audioPlay":false,"sceneViewState":{"showFog":true,"showMaterialUpdate":false,"showSkybox":false,"showFlares":true,"showImageEffects":true,"showParticleSystems":true},"in2DMode":false,"pivot":{"x":0.0,"y":1.457668662071228,"z":-0.0007040500640869141},"rotation":{"x":0.31924378871917727,"y":-0.6531818509101868,"z":0.3546205759048462,"w":0.5879759192466736},"size":6.202507495880127,"orthographic":false}