{"cameraMode":{"drawMode":0,"name":"Shaded","section":"Shading Mode"},"sceneLighting":false,"audioPlay":false,"sceneViewState":{"showFog":true,"showMaterialUpdate":false,"showSkybox":false,"showFlares":true,"showImageEffects":true,"showParticleSystems":true},"in2DMode":false,"pivot":{"x":1.339137077331543,"y":-0.0733656957745552,"z":-0.3103508949279785},"rotation":{"x":-0.009508172981441021,"y":0.13393130898475648,"z":0.0013245010050013662,"w":0.9910004734992981},"size":5.24603796005249,"orthographic":false}