{"cameraMode":{"drawMode":0,"name":"Shaded","section":"Shading Mode"},"sceneLighting":true,"audioPlay":false,"sceneViewState":{"showFog":true,"showMaterialUpdate":false,"showSkybox":true,"showFlares":true,"showImageEffects":true,"showParticleSystems":true},"in2DMode":false,"pivot":{"x":-4.214693069458008,"y":8.460756301879883,"z":-9.853837966918946},"rotation":{"x":0.1364903748035431,"y":-0.31197023391723635,"z":0.04530775174498558,"w":0.9391818046569824},"size":35.28336715698242,"orthographic":false}