{"cameraMode":{"drawMode":0,"name":"Shaded","section":"Shading Mode"},"sceneLighting":false,"audioPlay":false,"sceneViewState":{"showFog":true,"showMaterialUpdate":false,"showSkybox":false,"showFlares":true,"showImageEffects":true,"showParticleSystems":true},"in2DMode":false,"pivot":{"x":-1.1994237899780274,"y":4.376489639282227,"z":1.048457145690918},"rotation":{"x":-0.032628126442432407,"y":0.9024252891540527,"z":-0.06945165246725083,"w":-0.4239615797996521},"size":14.15666675567627,"orthographic":false}