{"cameraMode":{"drawMode":0,"name":"Shaded","section":"Shading Mode"},"sceneLighting":true,"audioPlay":false,"sceneViewState":{"showFog":true,"showMaterialUpdate":false,"showSkybox":false,"showFlares":true,"showImageEffects":true,"showParticleSystems":true},"in2DMode":false,"pivot":{"x":3.7793219089508058,"y":0.10285568237304688,"z":1.8299503326416016},"rotation":{"x":-0.23783287405967713,"y":-0.3994022309780121,"z":0.10809922218322754,"w":-0.8787819743156433},"size":40.010372161865237,"orthographic":false}