{"cameraMode":{"drawMode":0,"name":"Shaded","section":"Shading Mode"},"sceneLighting":true,"audioPlay":false,"sceneViewState":{"showFog":true,"showMaterialUpdate":false,"showSkybox":true,"showFlares":true,"showImageEffects":true,"showParticleSystems":true},"in2DMode":false,"pivot":{"x":67.01797485351563,"y":7.36724853515625,"z":92.5166015625},"rotation":{"x":-0.1602092832326889,"y":-0.7671036124229431,"z":0.21002309024333955,"w":-0.5847212672233582},"size":16.580657958984376,"orthographic":false}