{"cameraMode":{"drawMode":0,"name":"Shaded","section":"Shading Mode"},"sceneLighting":false,"audioPlay":false,"sceneViewState":{"showFog":true,"showMaterialUpdate":false,"showSkybox":false,"showFlares":true,"showImageEffects":true,"showParticleSystems":true},"in2DMode":false,"pivot":{"x":-11.45967960357666,"y":0.8471194505691528,"z":14.703088760375977},"rotation":{"x":-0.10433251410722733,"y":0.7582781314849854,"z":-0.12533625960350038,"w":-0.6312059760093689},"size":3.707465648651123,"orthographic":false}