{"cameraMode":{"drawMode":0,"name":"Shaded","section":"Shading Mode"},"sceneLighting":true,"audioPlay":false,"sceneViewState":{"showFog":true,"showMaterialUpdate":false,"showSkybox":true,"showFlares":true,"showImageEffects":true,"showParticleSystems":true},"in2DMode":false,"pivot":{"x":1.6978511810302735,"y":8.243780136108399,"z":35.17972183227539},"rotation":{"x":0.1807769536972046,"y":0.7865100502967835,"z":-0.2709907293319702,"w":0.5246791839599609},"size":43.12226104736328,"orthographic":false}