{"cameraMode":{"drawMode":0,"name":"Shaded","section":"Shading Mode"},"sceneLighting":true,"audioPlay":false,"sceneViewState":{"showFog":true,"showMaterialUpdate":false,"showSkybox":true,"showFlares":true,"showImageEffects":true,"showParticleSystems":true},"in2DMode":false,"pivot":{"x":28.895523071289064,"y":9.450178146362305,"z":88.01945495605469},"rotation":{"x":-0.19645534455776215,"y":-0.36481332778930666,"z":0.07890461385250092,"w":-0.9067668914794922},"size":11.471724510192871,"orthographic":false}