{"cameraMode":{"drawMode":0,"name":"Shaded","section":"Shading Mode"},"sceneLighting":true,"audioPlay":false,"sceneViewState":{"showFog":true,"showMaterialUpdate":false,"showSkybox":true,"showFlares":true,"showImageEffects":true,"showParticleSystems":true},"in2DMode":false,"pivot":{"x":17.622581481933595,"y":-45.867347717285159,"z":155.09007263183595},"rotation":{"x":-0.46798864006996157,"y":0.28539782762527468,"z":-0.16279608011245728,"w":-0.8203994631767273},"size":140.46803283691407,"orthographic":false}