{"cameraMode":{"drawMode":0,"name":"Shaded","section":"Shading Mode"},"sceneLighting":true,"audioPlay":false,"sceneViewState":{"showFog":true,"showMaterialUpdate":false,"showSkybox":true,"showFlares":true,"showImageEffects":true,"showParticleSystems":true},"in2DMode":false,"pivot":{"x":45.95860290527344,"y":17.51642608642578,"z":188.52296447753907},"rotation":{"x":-0.48354965448379519,"y":-0.024409515783190728,"z":0.013527430593967438,"w":-0.8749175071716309},"size":97.72586059570313,"orthographic":false}