{"cameraMode":{"drawMode":0,"name":"Shaded","section":"Shading Mode"},"sceneLighting":true,"audioPlay":false,"sceneViewState":{"showFog":true,"showMaterialUpdate":false,"showSkybox":true,"showFlares":true,"showImageEffects":true,"showParticleSystems":true},"in2DMode":false,"pivot":{"x":90.97280883789063,"y":-4.656944274902344,"z":115.11184692382813},"rotation":{"x":0.5249918699264526,"y":-0.3406783938407898,"z":0.24110999703407288,"w":0.7417902946472168},"size":85.50132751464844,"orthographic":false}