{"cameraMode":{"drawMode":0,"name":"Shaded","section":"Shading Mode"},"sceneLighting":true,"audioPlay":false,"sceneViewState":{"showFog":true,"showMaterialUpdate":false,"showSkybox":true,"showFlares":true,"showImageEffects":true,"showParticleSystems":true},"in2DMode":false,"pivot":{"x":45.616065979003909,"y":7.894355773925781,"z":165.83547973632813},"rotation":{"x":-0.5819052457809448,"y":-0.039719220250844958,"z":0.02851029299199581,"w":-0.8118345737457275},"size":48.87589645385742,"orthographic":false}