{"cameraMode":{"drawMode":0,"name":"Shaded","section":"Shading Mode"},"sceneLighting":true,"audioPlay":false,"sceneViewState":{"showFog":true,"showMaterialUpdate":false,"showSkybox":true,"showFlares":true,"showImageEffects":true,"showParticleSystems":true},"in2DMode":false,"pivot":{"x":71.999267578125,"y":-104.57421875,"z":214.11964416503907},"rotation":{"x":-0.3918741047382355,"y":0.031976304948329929,"z":-0.013652557507157326,"w":-0.9194356203079224},"size":214.14114379882813,"orthographic":false}