{"cameraMode":{"drawMode":0,"name":"Shaded","section":"Shading Mode"},"sceneLighting":true,"audioPlay":false,"sceneViewState":{"showFog":true,"showMaterialUpdate":false,"showSkybox":true,"showFlares":true,"showImageEffects":true,"showParticleSystems":true},"in2DMode":false,"pivot":{"x":499.3889465332031,"y":-43.64990234375,"z":397.7272033691406},"rotation":{"x":0.49953514337539675,"y":0.07618984580039978,"z":-0.04417121782898903,"w":0.8618134260177612},"size":412.02655029296877,"orthographic":false}