{"cameraMode":{"drawMode":0,"name":"Shaded","section":"Shading Mode"},"sceneLighting":false,"audioPlay":false,"sceneViewState":{"showFog":true,"showMaterialUpdate":false,"showSkybox":false,"showFlares":true,"showImageEffects":true,"showParticleSystems":true},"in2DMode":false,"pivot":{"x":42.37548065185547,"y":2.7368574142456056,"z":-38.56926727294922},"rotation":{"x":-0.03213965892791748,"y":-0.9627568125724793,"z":0.13254229724407197,"w":-0.23345400393009187},"size":45.62088394165039,"orthographic":false}