{"cameraMode":{"drawMode":0,"name":"Shaded","section":"Shading Mode"},"sceneLighting":true,"audioPlay":false,"sceneViewState":{"showFog":true,"showMaterialUpdate":false,"showSkybox":true,"showFlares":true,"showImageEffects":true,"showParticleSystems":true},"in2DMode":false,"pivot":{"x":27.23592758178711,"y":48.10881805419922,"z":46.30464172363281},"rotation":{"x":-0.3373430669307709,"y":-0.1855255514383316,"z":0.06799773871898651,"w":-0.920411229133606},"size":218.99813842773438,"orthographic":false}