{"cameraMode":{"drawMode":0,"name":"Shaded","section":"Shading Mode"},"sceneLighting":true,"audioPlay":false,"sceneViewState":{"showFog":true,"showMaterialUpdate":false,"showSkybox":true,"showFlares":true,"showImageEffects":true,"showParticleSystems":true},"in2DMode":false,"pivot":{"x":1204.626953125,"y":1076.92626953125,"z":-1549.62890625},"rotation":{"x":-0.3464759588241577,"y":-0.322160929441452,"z":0.12801863253116609,"w":-0.8717177510261536},"size":3598.211669921875,"orthographic":false}