{"cameraMode":{"drawMode":0,"name":"Shaded","section":"Shading Mode"},"sceneLighting":true,"audioPlay":false,"sceneViewState":{"showFog":true,"showMaterialUpdate":false,"showSkybox":true,"showFlares":true,"showImageEffects":true,"showParticleSystems":true},"in2DMode":false,"pivot":{"x":473.99896240234377,"y":9.551519393920899,"z":386.8835144042969},"rotation":{"x":0.21083487570285798,"y":-0.2141590565443039,"z":0.04737939313054085,"w":0.9526048302650452},"size":310.2973327636719,"orthographic":false}