{"cameraMode":{"drawMode":0,"name":"Shaded","section":"Shading Mode"},"sceneLighting":true,"audioPlay":false,"sceneViewState":{"showFog":true,"showMaterialUpdate":false,"showSkybox":true,"showFlares":true,"showImageEffects":true,"showParticleSystems":true},"in2DMode":false,"pivot":{"x":184.28753662109376,"y":12.593780517578125,"z":360.5252990722656},"rotation":{"x":0.348299115896225,"y":0.01627194695174694,"z":-0.006068233400583267,"w":0.9372320175170898},"size":11.467142105102539,"orthographic":false}