{"cameraMode":{"drawMode":0,"name":"Shaded","section":"Shading Mode"},"sceneLighting":true,"audioPlay":false,"sceneViewState":{"showFog":true,"showMaterialUpdate":false,"showSkybox":true,"showFlares":true,"showImageEffects":true,"showParticleSystems":true},"in2DMode":false,"pivot":{"x":3.350792169570923,"y":0.10546875,"z":-1.995530128479004},"rotation":{"x":0.6526486873626709,"y":0.11226002126932144,"z":-0.09863827377557755,"w":0.7427785992622376},"size":155.1691436767578,"orthographic":false}