{"cameraMode":{"drawMode":0,"name":"Shaded","section":"Shading Mode"},"sceneLighting":true,"audioPlay":false,"sceneViewState":{"showFog":true,"showMaterialUpdate":false,"showSkybox":true,"showFlares":true,"showImageEffects":true,"showParticleSystems":true},"in2DMode":false,"pivot":{"x":-0.7864149808883667,"y":-0.6789073944091797,"z":-0.08402587473392487},"rotation":{"x":0.7081595659255981,"y":-0.0031771939247846605,"z":0.003186739981174469,"w":0.7060381174087524},"size":24.126188278198243,"orthographic":false}