{"cameraMode":{"drawMode":0,"name":"Shaded","section":"Shading Mode"},"sceneLighting":true,"audioPlay":false,"sceneViewState":{"showFog":true,"showMaterialUpdate":false,"showSkybox":true,"showFlares":true,"showImageEffects":true,"showParticleSystems":true},"in2DMode":false,"pivot":{"x":240.32577514648438,"y":-10.496490478515625,"z":155.53456115722657},"rotation":{"x":-0.27241620421409609,"y":-0.7275290489196777,"z":0.4393942654132843,"w":-0.4510972797870636},"size":57.41787338256836,"orthographic":false}