{"cameraMode":{"drawMode":0,"name":"Shaded","section":"Shading Mode"},"sceneLighting":true,"audioPlay":false,"sceneViewState":{"showFog":true,"showMaterialUpdate":false,"showSkybox":true,"showFlares":true,"showImageEffects":true,"showParticleSystems":true},"in2DMode":false,"pivot":{"x":517.8287963867188,"y":-46.6905517578125,"z":558.054443359375},"rotation":{"x":0.375309556722641,"y":-0.5584651231765747,"z":0.3126106858253479,"w":0.6704766750335693},"size":1069.6767578125,"orthographic":false}